Area Name,State Name,State Code,Media Market Code,Media Market Name,County Code,County Name,Area Name,Geography Name
Bibb (01007),Alabama,1,630,BIRMINGHAM,1007,Bibb,Bibb (01007),Bibb
Blount (01009),Alabama,1,630,BIRMINGHAM,1009,Blount,Blount (01009),Blount
Cherokee (01019),Alabama,1,630,BIRMINGHAM,1019,Cherokee,Cherokee (01019),Cherokee
Chilton (01021),Alabama,1,630,BIRMINGHAM,1021,Chilton,Chilton (01021),Chilton
Clay (01027),Alabama,1,630,BIRMINGHAM,1027,Clay,Clay (01027),Clay
Cleburne (01029),Alabama,1,524,ATLANTA,1029,Cleburne,Cleburne (01029),Cleburne
Calhoun (01015),Alabama,1,630,BIRMINGHAM,1015,Calhoun,Calhoun (01015),Calhoun
Pickens (01107),Alabama,1,630,BIRMINGHAM,1107,Pickens,Pickens (01107),Pickens
Randolph (01111),Alabama,1,524,ATLANTA,1111,Randolph,Randolph (01111),Randolph
St. Clair (01115),Alabama,1,630,BIRMINGHAM,1115,St. Clair,St. Clair (01115),St. Clair
Shelby (01117),Alabama,1,630,BIRMINGHAM,1117,Shelby,Shelby (01117),Shelby
Talladega (01121),Alabama,1,630,BIRMINGHAM,1121,Talladega,Talladega (01121),Talladega
Tuscaloosa (01125),Alabama,1,630,BIRMINGHAM,1125,Tuscaloosa,Tuscaloosa (01125),Tuscaloosa
Walker (01127),Alabama,1,630,BIRMINGHAM,1127,Walker,Walker (01127),Walker
Coosa (01037),Alabama,1,630,BIRMINGHAM,1037,Coosa,Coosa (01037),Coosa
Cullman (01043),Alabama,1,630,BIRMINGHAM,1043,Cullman,Cullman (01043),Cullman
Etowah (01055),Alabama,1,630,BIRMINGHAM,1055,Etowah,Etowah (01055),Etowah
Fayette (01057),Alabama,1,630,BIRMINGHAM,1057,Fayette,Fayette (01057),Fayette
Greene (01063),Alabama,1,630,BIRMINGHAM,1063,Greene,Greene (01063),Greene
Hale (01065),Alabama,1,630,BIRMINGHAM,1065,Hale,Hale (01065),Hale
Jefferson (01073),Alabama,1,630,BIRMINGHAM,1073,Jefferson,Jefferson (01073),Jefferson
Marion (01093),Alabama,1,630,BIRMINGHAM,1093,Marion,Marion (01093),Marion
Winston (01133),Alabama,1,630,BIRMINGHAM,1133,Winston,Winston (01133),Winston
Anchorage (02020),Alaska,2,743,ANCHORAGE,2020,Anchorage,Anchorage (02020),Anchorage
Kenai Peninsula (02122),Alaska,2,743,ANCHORAGE,2122,Kenai Peninsula,Kenai Peninsula (02122),Kenai Peninsula
Matanuska-Susitna (02170),Alaska,2,743,ANCHORAGE,2170,Matanuska-Susitna,Matanuska-Susitna (02170),Matanuska-Susitna
Apache (04001),Arizona,4,753,PHOENIX,4001,Apache,Apache (04001),Apache
Kern (06029),California,6,800,BAKERSFIELD,6029,Kern,Kern (06029),Kern
La Plata (08067),Colorado,8,790,ALBUQ-SANTA FE,8067,La Plata,La Plata (08067),La Plata
Montezuma (08083),Colorado,8,790,ALBUQ-SANTA FE,8083,Montezuma,Montezuma (08083),Montezuma
Atkinson (13003),Georgia,13,525,ALBANY  GA,13003,Atkinson,Atkinson (13003),Atkinson
Baker (13007),Georgia,13,525,ALBANY  GA,13007,Baker,Baker (13007),Baker
Banks (13011),Georgia,13,524,ATLANTA,13011,Banks,Banks (13011),Banks
Barrow (13013),Georgia,13,524,ATLANTA,13013,Barrow,Barrow (13013),Barrow
Bartow (13015),Georgia,13,524,ATLANTA,13015,Bartow,Bartow (13015),Bartow
Ben Hill (13017),Georgia,13,525,ALBANY  GA,13017,Ben Hill,Ben Hill (13017),Ben Hill
Berrien (13019),Georgia,13,525,ALBANY  GA,13019,Berrien,Berrien (13019),Berrien
Burke (13033),Georgia,13,520,AUGUSTA,13033,Burke,Burke (13033),Burke
Butts (13035),Georgia,13,524,ATLANTA,13035,Butts,Butts (13035),Butts
Calhoun (13037),Georgia,13,525,ALBANY  GA,13037,Calhoun,Calhoun (13037),Calhoun
Carroll (13045),Georgia,13,524,ATLANTA,13045,Carroll,Carroll (13045),Carroll
Cherokee (13057),Georgia,13,524,ATLANTA,13057,Cherokee,Cherokee (13057),Cherokee
Clarke (13059),Georgia,13,524,ATLANTA,13059,Clarke,Clarke (13059),Clarke
Clayton (13063),Georgia,13,524,ATLANTA,13063,Clayton,Clayton (13063),Clayton
Cobb (13067),Georgia,13,524,ATLANTA,13067,Cobb,Cobb (13067),Cobb
Coffee (13069),Georgia,13,525,ALBANY  GA,13069,Coffee,Coffee (13069),Coffee
Colquitt (13071),Georgia,13,525,ALBANY  GA,13071,Colquitt,Colquitt (13071),Colquitt
Columbia (13073),Georgia,13,520,AUGUSTA,13073,Columbia,Columbia (13073),Columbia
Cook (13075),Georgia,13,525,ALBANY  GA,13075,Cook,Cook (13075),Cook
Coweta (13077),Georgia,13,524,ATLANTA,13077,Coweta,Coweta (13077),Coweta
Crisp (13081),Georgia,13,525,ALBANY  GA,13081,Crisp,Crisp (13081),Crisp
Dawson (13085),Georgia,13,524,ATLANTA,13085,Dawson,Dawson (13085),Dawson
DeKalb (13089),Georgia,13,524,ATLANTA,13089,DeKalb,DeKalb (13089),DeKalb
Dougherty (13095),Georgia,13,525,ALBANY  GA,13095,Dougherty,Dougherty (13095),Dougherty
Douglas (13097),Georgia,13,524,ATLANTA,13097,Douglas,Douglas (13097),Douglas
Emanuel (13107),Georgia,13,520,AUGUSTA,13107,Emanuel,Emanuel (13107),Emanuel
Fannin (13111),Georgia,13,524,ATLANTA,13111,Fannin,Fannin (13111),Fannin
Fayette (13113),Georgia,13,524,ATLANTA,13113,Fayette,Fayette (13113),Fayette
Floyd (13115),Georgia,13,524,ATLANTA,13115,Floyd,Floyd (13115),Floyd
Forsyth (13117),Georgia,13,524,ATLANTA,13117,Forsyth,Forsyth (13117),Forsyth
Fulton (13121),Georgia,13,524,ATLANTA,13121,Fulton,Fulton (13121),Fulton
Gilmer (13123),Georgia,13,524,ATLANTA,13123,Gilmer,Gilmer (13123),Gilmer
Glascock (13125),Georgia,13,520,AUGUSTA,13125,Glascock,Glascock (13125),Glascock
Gordon (13129),Georgia,13,524,ATLANTA,13129,Gordon,Gordon (13129),Gordon
Greene (13133),Georgia,13,524,ATLANTA,13133,Greene,Greene (13133),Greene
Gwinnett (13135),Georgia,13,524,ATLANTA,13135,Gwinnett,Gwinnett (13135),Gwinnett
Habersham (13137),Georgia,13,524,ATLANTA,13137,Habersham,Habersham (13137),Habersham
Hall (13139),Georgia,13,524,ATLANTA,13139,Hall,Hall (13139),Hall
Haralson (13143),Georgia,13,524,ATLANTA,13143,Haralson,Haralson (13143),Haralson
Heard (13149),Georgia,13,524,ATLANTA,13149,Heard,Heard (13149),Heard
Henry (13151),Georgia,13,524,ATLANTA,13151,Henry,Henry (13151),Henry
Irwin (13155),Georgia,13,525,ALBANY  GA,13155,Irwin,Irwin (13155),Irwin
Jackson (13157),Georgia,13,524,ATLANTA,13157,Jackson,Jackson (13157),Jackson
Jasper (13159),Georgia,13,524,ATLANTA,13159,Jasper,Jasper (13159),Jasper
Jefferson (13163),Georgia,13,520,AUGUSTA,13163,Jefferson,Jefferson (13163),Jefferson
Jenkins (13165),Georgia,13,520,AUGUSTA,13165,Jenkins,Jenkins (13165),Jenkins
Rabun (13241),Georgia,13,524,ATLANTA,13241,Rabun,Rabun (13241),Rabun
Richmond (13245),Georgia,13,520,AUGUSTA,13245,Richmond,Richmond (13245),Richmond
Rockdale (13247),Georgia,13,524,ATLANTA,13247,Rockdale,Rockdale (13247),Rockdale
Spalding (13255),Georgia,13,524,ATLANTA,13255,Spalding,Spalding (13255),Spalding
Lamar (13171),Georgia,13,524,ATLANTA,13171,Lamar,Lamar (13171),Lamar
Lee (13177),Georgia,13,525,ALBANY  GA,13177,Lee,Lee (13177),Lee
Lincoln (13181),Georgia,13,520,AUGUSTA,13181,Lincoln,Lincoln (13181),Lincoln
Lumpkin (13187),Georgia,13,524,ATLANTA,13187,Lumpkin,Lumpkin (13187),Lumpkin
McDuffie (13189),Georgia,13,520,AUGUSTA,13189,McDuffie,McDuffie (13189),McDuffie
Madison (13195),Georgia,13,524,ATLANTA,13195,Madison,Madison (13195),Madison
Meriwether (13199),Georgia,13,524,ATLANTA,13199,Meriwether,Meriwether (13199),Meriwether
Mitchell (13205),Georgia,13,525,ALBANY  GA,13205,Mitchell,Mitchell (13205),Mitchell
Morgan (13211),Georgia,13,524,ATLANTA,13211,Morgan,Morgan (13211),Morgan
Newton (13217),Georgia,13,524,ATLANTA,13217,Newton,Newton (13217),Newton
Oconee (13219),Georgia,13,524,ATLANTA,13219,Oconee,Oconee (13219),Oconee
Oglethorpe (13221),Georgia,13,524,ATLANTA,13221,Oglethorpe,Oglethorpe (13221),Oglethorpe
Paulding (13223),Georgia,13,524,ATLANTA,13223,Paulding,Paulding (13223),Paulding
Pickens (13227),Georgia,13,524,ATLANTA,13227,Pickens,Pickens (13227),Pickens
Pike (13231),Georgia,13,524,ATLANTA,13231,Pike,Pike (13231),Pike
Polk (13233),Georgia,13,524,ATLANTA,13233,Polk,Polk (13233),Polk
Putnam (13237),Georgia,13,524,ATLANTA,13237,Putnam,Putnam (13237),Putnam
Taliaferro (13265),Georgia,13,520,AUGUSTA,13265,Taliaferro,Taliaferro (13265),Taliaferro
Troup (13285),Georgia,13,524,ATLANTA,13285,Troup,Troup (13285),Troup
Turner (13287),Georgia,13,525,ALBANY  GA,13287,Turner,Turner (13287),Turner
Union (13291),Georgia,13,524,ATLANTA,13291,Union,Union (13291),Union
Upson (13293),Georgia,13,524,ATLANTA,13293,Upson,Upson (13293),Upson
Walton (13297),Georgia,13,524,ATLANTA,13297,Walton,Walton (13297),Walton
Warren (13301),Georgia,13,520,AUGUSTA,13301,Warren,Warren (13301),Warren
White (13311),Georgia,13,524,ATLANTA,13311,White,White (13311),White
Wilkes (13317),Georgia,13,520,AUGUSTA,13317,Wilkes,Wilkes (13317),Wilkes
Worth (13321),Georgia,13,525,ALBANY  GA,13321,Worth,Worth (13321),Worth
Ada (16001),Idaho,16,757,BOISE,16001,Ada,Ada (16001),Ada
Adams (16003),Idaho,16,757,BOISE,16003,Adams,Adams (16003),Adams
Boise (16015),Idaho,16,757,BOISE,16015,Boise,Boise (16015),Boise
Terrell (13273),Georgia,13,525,ALBANY  GA,13273,Terrell,Terrell (13273),Terrell
Tift (13277),Georgia,13,525,ALBANY  GA,13277,Tift,Tift (13277),Tift
Towns (13281),Georgia,13,524,ATLANTA,13281,Towns,Towns (13281),Towns
Camas (16025),Idaho,16,757,BOISE,16025,Camas,Camas (16025),Camas
Canyon (16027),Idaho,16,757,BOISE,16027,Canyon,Canyon (16027),Canyon
Elmore (16039),Idaho,16,757,BOISE,16039,Elmore,Elmore (16039),Elmore
Gem (16045),Idaho,16,757,BOISE,16045,Gem,Gem (16045),Gem
Owyhee (16073),Idaho,16,757,BOISE,16073,Owyhee,Owyhee (16073),Owyhee
Payette (16075),Idaho,16,757,BOISE,16075,Payette,Payette (16075),Payette
Valley (16085),Idaho,16,757,BOISE,16085,Valley,Valley (16085),Valley
Washington (16087),Idaho,16,757,BOISE,16087,Washington,Washington (16087),Washington
Amite (28005),Mississippi,28,716,BATON ROUGE,28005,Amite,Amite (28005),Amite
Jackson (28059),Mississippi,28,746,BILOXI-GULFPORT,28059,Jackson,Jackson (28059),Jackson
Harrison (28047),Mississippi,28,746,BILOXI-GULFPORT,28047,Harrison,Harrison (28047),Harrison
George (28039),Mississippi,28,746,BILOXI-GULFPORT,28039,George,George (28039),George
Edmonson (21061),Kentucky,21,736,BOWLING GREEN,21061,Edmonson,Edmonson (21061),Edmonson
Hart (21099),Kentucky,21,736,BOWLING GREEN,21099,Hart,Hart (21099),Hart
Metcalfe (21169),Kentucky,21,736,BOWLING GREEN,21169,Metcalfe,Metcalfe (21169),Metcalfe
Warren (21227),Kentucky,21,736,BOWLING GREEN,21227,Warren,Warren (21227),Warren
Ascension (22005),Louisiana,22,716,BATON ROUGE,22005,Ascension,Ascension (22005),Ascension
Assumption (22007),Louisiana,22,716,BATON ROUGE,22007,Assumption,Assumption (22007),Assumption
Avoyelles (22009),Louisiana,22,644,ALEXANDRIA  LA,22009,Avoyelles,Avoyelles (22009),Avoyelles
East Baton Rouge (22033),Louisiana,22,716,BATON ROUGE,22033,East Baton Rouge,East Baton Rouge (22033),East Baton Rouge
East Feliciana (22037),Louisiana,22,716,BATON ROUGE,22037,East Feliciana,East Feliciana (22037),East Feliciana
Grant (22043),Louisiana,22,644,ALEXANDRIA  LA,22043,Grant,Grant (22043),Grant
Iberville (22047),Louisiana,22,716,BATON ROUGE,22047,Iberville,Iberville (22047),Iberville
La Salle (22059),Louisiana,22,644,ALEXANDRIA  LA,22059,La Salle,La Salle (22059),La Salle
Livingston (22063),Louisiana,22,716,BATON ROUGE,22063,Livingston,Livingston (22063),Livingston
Pointe Coupee (22077),Louisiana,22,716,BATON ROUGE,22077,Pointe Coupee,Pointe Coupee (22077),Pointe Coupee
Rapides (22079),Louisiana,22,644,ALEXANDRIA  LA,22079,Rapides,Rapides (22079),Rapides
St. Helena (22091),Louisiana,22,716,BATON ROUGE,22091,St. Helena,St. Helena (22091),St. Helena
St. Mary (22101),Louisiana,22,716,BATON ROUGE,22101,St. Mary,St. Mary (22101),St. Mary
Vernon (22115),Louisiana,22,644,ALEXANDRIA  LA,22115,Vernon,Vernon (22115),Vernon
West Baton Rouge (22121),Louisiana,22,716,BATON ROUGE,22121,West Baton Rouge,West Baton Rouge (22121),West Baton Rouge
West Feliciana (22125),Louisiana,22,716,BATON ROUGE,22125,West Feliciana,West Feliciana (22125),West Feliciana
Hancock (23009),Maine,23,537,BANGOR,23009,Hancock,Hancock (23009),Hancock
Penobscot (23019),Maine,23,537,BANGOR,23019,Penobscot,Penobscot (23019),Penobscot
Piscataquis (23021),Maine,23,537,BANGOR,23021,Piscataquis,Piscataquis (23021),Piscataquis
Somerset (23025),Maine,23,537,BANGOR,23025,Somerset,Somerset (23025),Somerset
Waldo (23027),Maine,23,537,BANGOR,23027,Waldo,Waldo (23027),Waldo
Washington (23029),Maine,23,537,BANGOR,23029,Washington,Washington (23029),Washington
Anne Arundel (24003),Maryland,24,512,BALTIMORE,24003,Anne Arundel,Anne Arundel (24003),Anne Arundel
Baltimore (24005),Maryland,24,512,BALTIMORE,24005,Baltimore,Baltimore (24005),Baltimore
Caroline (24011),Maryland,24,512,BALTIMORE,24011,Caroline,Caroline (24011),Caroline
Carroll (24013),Maryland,24,512,BALTIMORE,24013,Carroll,Carroll (24013),Carroll
Cecil (24015),Maryland,24,512,BALTIMORE,24015,Cecil,Cecil (24015),Cecil
Harford (24025),Maryland,24,512,BALTIMORE,24025,Harford,Harford (24025),Harford
Howard (24027),Maryland,24,512,BALTIMORE,24027,Howard,Howard (24027),Howard
Kent (24029),Maryland,24,512,BALTIMORE,24029,Kent,Kent (24029),Kent
Queen Anne's (24035),Maryland,24,512,BALTIMORE,24035,Queen Anne's,Queen Anne's (24035),Queen Anne's
Talbot (24041),Maryland,24,512,BALTIMORE,24041,Talbot,Talbot (24041),Talbot
Baltimore (24510),Maryland,24,512,BALTIMORE,24510,Baltimore,Baltimore (24510),Baltimore
Barnstable (25001),Massachusetts,25,506,BOSTON (MANCHR),25001,Barnstable,Barnstable (25001),Barnstable
Berkshire (25003),Massachusetts,25,532,ALBANY-SCH-TROY,25003,Berkshire,Berkshire (25003),Berkshire
Dukes (25007),Massachusetts,25,506,BOSTON (MANCHR),25007,Dukes,Dukes (25007),Dukes
Essex (25009),Massachusetts,25,506,BOSTON (MANCHR),25009,Essex,Essex (25009),Essex
Middlesex (25017),Massachusetts,25,506,BOSTON (MANCHR),25017,Middlesex,Middlesex (25017),Middlesex
Nantucket (25019),Massachusetts,25,506,BOSTON (MANCHR),25019,Nantucket,Nantucket (25019),Nantucket
Norfolk (25021),Massachusetts,25,506,BOSTON (MANCHR),25021,Norfolk,Norfolk (25021),Norfolk
Plymouth (25023),Massachusetts,25,506,BOSTON (MANCHR),25023,Plymouth,Plymouth (25023),Plymouth
Suffolk (25025),Massachusetts,25,506,BOSTON (MANCHR),25025,Suffolk,Suffolk (25025),Suffolk
Worcester (25027),Massachusetts,25,506,BOSTON (MANCHR),25027,Worcester,Worcester (25027),Worcester
Alcona (26001),Michigan,26,583,ALPENA,26001,Alcona,Alcona (26001),Alcona
Alpena (26007),Michigan,26,583,ALPENA,26007,Alpena,Alpena (26007),Alpena
Barren (21009),Kentucky,21,736,BOWLING GREEN,21009,Barren,Barren (21009),Barren
Butler (21031),Kentucky,21,736,BOWLING GREEN,21031,Butler,Butler (21031),Butler
Jefferson (30043),Montana,30,754,BUTTE-BOZEMAN,30043,Jefferson,Jefferson (30043),Jefferson
Yellowstone (30111),Montana,30,756,BILLINGS,30111,Yellowstone,Yellowstone (30111),Yellowstone
Beaverhead (30001),Montana,30,754,BUTTE-BOZEMAN,30001,Beaverhead,Beaverhead (30001),Beaverhead
Big Horn (30003),Montana,30,756,BILLINGS,30003,Big Horn,Big Horn (30003),Big Horn
Carbon (30009),Montana,30,756,BILLINGS,30009,Carbon,Carbon (30009),Carbon
Madison (30057),Montana,30,754,BUTTE-BOZEMAN,30057,Madison,Madison (30057),Madison
Meagher (30059),Montana,30,756,BILLINGS,30059,Meagher,Meagher (30059),Meagher
Musselshell (30065),Montana,30,756,BILLINGS,30065,Musselshell,Musselshell (30065),Musselshell
Park (30067),Montana,30,756,BILLINGS,30067,Park,Park (30067),Park
Petroleum (30069),Montana,30,756,BILLINGS,30069,Petroleum,Petroleum (30069),Petroleum
Custer (30017),Montana,30,756,BILLINGS,30017,Custer,Custer (30017),Custer
Powder River (30075),Montana,30,756,BILLINGS,30075,Powder River,Powder River (30075),Powder River
Powell (30077),Montana,30,754,BUTTE-BOZEMAN,30077,Powell,Powell (30077),Powell
Rosebud (30087),Montana,30,756,BILLINGS,30087,Rosebud,Rosebud (30087),Rosebud
Deer Lodge (30023),Montana,30,754,BUTTE-BOZEMAN,30023,Deer Lodge,Deer Lodge (30023),Deer Lodge
Silver Bow (30093),Montana,30,754,BUTTE-BOZEMAN,30093,Silver Bow,Silver Bow (30093),Silver Bow
Stillwater (30095),Montana,30,756,BILLINGS,30095,Stillwater,Stillwater (30095),Stillwater
Gallatin (30031),Montana,30,754,BUTTE-BOZEMAN,30031,Gallatin,Gallatin (30031),Gallatin
Garfield (30033),Montana,30,756,BILLINGS,30033,Garfield,Garfield (30033),Garfield
Sweet Grass (30097),Montana,30,756,BILLINGS,30097,Sweet Grass,Sweet Grass (30097),Sweet Grass
Golden Valley (30037),Montana,30,756,BILLINGS,30037,Golden Valley,Golden Valley (30037),Golden Valley
Treasure (30103),Montana,30,756,BILLINGS,30103,Treasure,Treasure (30103),Treasure
Wheatland (30107),Montana,30,756,BILLINGS,30107,Wheatland,Wheatland (30107),Wheatland
Wilkinson (28157),Mississippi,28,716,BATON ROUGE,28157,Wilkinson,Wilkinson (28157),Wilkinson
Stone (28131),Mississippi,28,746,BILOXI-GULFPORT,28131,Stone,Stone (28131),Stone
Catron (35003),New Mexico,35,790,ALBUQ-SANTA FE,35003,Catron,Catron (35003),Catron
Lincoln (35027),New Mexico,35,790,ALBUQ-SANTA FE,35027,Lincoln,Lincoln (35027),Lincoln
Torrance (35057),New Mexico,35,790,ALBUQ-SANTA FE,35057,Torrance,Torrance (35057),Torrance
Chautauqua (36013),New York,36,514,BUFFALO,36013,Chautauqua,Chautauqua (36013),Chautauqua
Chenango (36017),New York,36,502,BINGHAMTON,36017,Chenango,Chenango (36017),Chenango
Clinton (36019),New York,36,523,BURLNGTN-PLTBRG,36019,Clinton,Clinton (36019),Clinton
Columbia (36021),New York,36,532,ALBANY-SCH-TROY,36021,Columbia,Columbia (36021),Columbia
Delaware (36025),New York,36,502,BINGHAMTON,36025,Delaware,Delaware (36025),Delaware
Erie (36029),New York,36,514,BUFFALO,36029,Erie,Erie (36029),Erie
Essex (36031),New York,36,523,BURLNGTN-PLTBRG,36031,Essex,Essex (36031),Essex
Franklin (36033),New York,36,523,BURLNGTN-PLTBRG,36033,Franklin,Franklin (36033),Franklin
Fulton (36035),New York,36,532,ALBANY-SCH-TROY,36035,Fulton,Fulton (36035),Fulton
Genesee (36037),New York,36,514,BUFFALO,36037,Genesee,Genesee (36037),Genesee
Greene (36039),New York,36,532,ALBANY-SCH-TROY,36039,Greene,Greene (36039),Greene
Hamilton (36041),New York,36,532,ALBANY-SCH-TROY,36041,Hamilton,Hamilton (36041),Hamilton
Montgomery (36057),New York,36,532,ALBANY-SCH-TROY,36057,Montgomery,Montgomery (36057),Montgomery
Niagara (36063),New York,36,514,BUFFALO,36063,Niagara,Niagara (36063),Niagara
Orleans (36073),New York,36,514,BUFFALO,36073,Orleans,Orleans (36073),Orleans
Rensselaer (36083),New York,36,532,ALBANY-SCH-TROY,36083,Rensselaer,Rensselaer (36083),Rensselaer
Saratoga (36091),New York,36,532,ALBANY-SCH-TROY,36091,Saratoga,Saratoga (36091),Saratoga
Schenectady (36093),New York,36,532,ALBANY-SCH-TROY,36093,Schenectady,Schenectady (36093),Schenectady
Schoharie (36095),New York,36,532,ALBANY-SCH-TROY,36095,Schoharie,Schoharie (36095),Schoharie
Tioga (36107),New York,36,502,BINGHAMTON,36107,Tioga,Tioga (36107),Tioga
Warren (36113),New York,36,532,ALBANY-SCH-TROY,36113,Warren,Warren (36113),Warren
Washington (36115),New York,36,532,ALBANY-SCH-TROY,36115,Washington,Washington (36115),Washington
Wyoming (36121),New York,36,514,BUFFALO,36121,Wyoming,Wyoming (36121),Wyoming
Clay (37043),North Carolina,37,524,ATLANTA,37043,Clay,Clay (37043),Clay
Chaves (35005),New Mexico,35,790,ALBUQ-SANTA FE,35005,Chaves,Chaves (35005),Chaves
Los Alamos (35028),New Mexico,35,790,ALBUQ-SANTA FE,35028,Los Alamos,Los Alamos (35028),Los Alamos
Luna (35029),New Mexico,35,790,ALBUQ-SANTA FE,35029,Luna,Luna (35029),Luna
Union (35059),New Mexico,35,634,AMARILLO,35059,Union,Union (35059),Union
Cibola (35006),New Mexico,35,790,ALBUQ-SANTA FE,35006,Cibola,Cibola (35006),Cibola
Colfax (35007),New Mexico,35,790,ALBUQ-SANTA FE,35007,Colfax,Colfax (35007),Colfax
McKinley (35031),New Mexico,35,790,ALBUQ-SANTA FE,35031,McKinley,McKinley (35031),McKinley
Mora (35033),New Mexico,35,790,ALBUQ-SANTA FE,35033,Mora,Mora (35033),Mora
Valencia (35061),New Mexico,35,790,ALBUQ-SANTA FE,35061,Valencia,Valencia (35061),Valencia
Belknap (33001),New Hampshire,33,506,BOSTON (MANCHR),33001,Belknap,Belknap (33001),Belknap
Curry (35009),New Mexico,35,634,AMARILLO,35009,Curry,Curry (35009),Curry
De Baca (35011),New Mexico,35,790,ALBUQ-SANTA FE,35011,De Baca,De Baca (35011),De Baca
Otero (35035),New Mexico,35,790,ALBUQ-SANTA FE,35035,Otero,Otero (35035),Otero
Albany (36001),New York,36,532,ALBANY-SCH-TROY,36001,Albany,Albany (36001),Albany
Cheshire (33005),New Hampshire,33,506,BOSTON (MANCHR),33005,Cheshire,Cheshire (33005),Cheshire
Grafton (33009),New Hampshire,33,523,BURLNGTN-PLTBRG,33009,Grafton,Grafton (33009),Grafton
Quay (35037),New Mexico,35,634,AMARILLO,35037,Quay,Quay (35037),Quay
Rio Arriba (35039),New Mexico,35,790,ALBUQ-SANTA FE,35039,Rio Arriba,Rio Arriba (35039),Rio Arriba
Allegany (36003),New York,36,514,BUFFALO,36003,Allegany,Allegany (36003),Allegany
Hillsborough (33011),New Hampshire,33,506,BOSTON (MANCHR),33011,Hillsborough,Hillsborough (33011),Hillsborough
Merrimack (33013),New Hampshire,33,506,BOSTON (MANCHR),33013,Merrimack,Merrimack (33013),Merrimack
Rockingham (33015),New Hampshire,33,506,BOSTON (MANCHR),33015,Rockingham,Rockingham (33015),Rockingham
Strafford (33017),New Hampshire,33,506,BOSTON (MANCHR),33017,Strafford,Strafford (33017),Strafford
Sullivan (33019),New Hampshire,33,523,BURLNGTN-PLTBRG,33019,Sullivan,Sullivan (33019),Sullivan
Eddy (35015),New Mexico,35,790,ALBUQ-SANTA FE,35015,Eddy,Eddy (35015),Eddy
Grant (35017),New Mexico,35,790,ALBUQ-SANTA FE,35017,Grant,Grant (35017),Grant
Guadalupe (35019),New Mexico,35,790,ALBUQ-SANTA FE,35019,Guadalupe,Guadalupe (35019),Guadalupe
Harding (35021),New Mexico,35,790,ALBUQ-SANTA FE,35021,Harding,Harding (35021),Harding
Roosevelt (35041),New Mexico,35,634,AMARILLO,35041,Roosevelt,Roosevelt (35041),Roosevelt
Sandoval (35043),New Mexico,35,790,ALBUQ-SANTA FE,35043,Sandoval,Sandoval (35043),Sandoval
San Juan (35045),New Mexico,35,790,ALBUQ-SANTA FE,35045,San Juan,San Juan (35045),San Juan
San Miguel (35047),New Mexico,35,790,ALBUQ-SANTA FE,35047,San Miguel,San Miguel (35047),San Miguel
Hidalgo (35023),New Mexico,35,790,ALBUQ-SANTA FE,35023,Hidalgo,Hidalgo (35023),Hidalgo
Santa Fe (35049),New Mexico,35,790,ALBUQ-SANTA FE,35049,Santa Fe,Santa Fe (35049),Santa Fe
Sierra (35051),New Mexico,35,790,ALBUQ-SANTA FE,35051,Sierra,Sierra (35051),Sierra
Broome (36007),New York,36,502,BINGHAMTON,36007,Broome,Broome (36007),Broome
Cattaraugus (36009),New York,36,514,BUFFALO,36009,Cattaraugus,Cattaraugus (36009),Cattaraugus
Lea (35025),New Mexico,35,633,ODESSA-MIDLAND,35025,Lea,Lea (35025),Lea
Socorro (35053),New Mexico,35,790,ALBUQ-SANTA FE,35053,Socorro,Socorro (35053),Socorro
Taos (35055),New Mexico,35,790,ALBUQ-SANTA FE,35055,Taos,Taos (35055),Taos
Bernalillo (35001),New Mexico,35,790,ALBUQ-SANTA FE,35001,Bernalillo,Bernalillo (35001),Bernalillo
Armstrong (48011),Texas,48,634,AMARILLO,48011,Armstrong,Armstrong (48011),Armstrong
Bastrop (48021),Texas,48,635,AUSTIN,48021,Bastrop,Bastrop (48021),Bastrop
Blanco (48031),Texas,48,635,AUSTIN,48031,Blanco,Blanco (48031),Blanco
Briscoe (48045),Texas,48,634,AMARILLO,48045,Briscoe,Briscoe (48045),Briscoe
Brown (48049),Texas,48,662,ABILENE-SWTWATR,48049,Brown,Brown (48049),Brown
Burnet (48053),Texas,48,635,AUSTIN,48053,Burnet,Burnet (48053),Burnet
Caldwell (48055),Texas,48,635,AUSTIN,48055,Caldwell,Caldwell (48055),Caldwell
Callahan (48059),Texas,48,662,ABILENE-SWTWATR,48059,Callahan,Callahan (48059),Callahan
Carson (48065),Texas,48,634,AMARILLO,48065,Carson,Carson (48065),Carson
Castro (48069),Texas,48,634,AMARILLO,48069,Castro,Castro (48069),Castro
Childress (48075),Texas,48,634,AMARILLO,48075,Childress,Childress (48075),Childress
Coleman (48083),Texas,48,662,ABILENE-SWTWATR,48083,Coleman,Coleman (48083),Coleman
Collingsworth (48087),Texas,48,634,AMARILLO,48087,Collingsworth,Collingsworth (48087),Collingsworth
Cottle (48101),Texas,48,634,AMARILLO,48101,Cottle,Cottle (48101),Cottle
Dallam (48111),Texas,48,634,AMARILLO,48111,Dallam,Dallam (48111),Dallam
Fayette (48149),Texas,48,635,AUSTIN,48149,Fayette,Fayette (48149),Fayette
Fisher (48151),Texas,48,662,ABILENE-SWTWATR,48151,Fisher,Fisher (48151),Fisher
Deaf Smith (48117),Texas,48,634,AMARILLO,48117,Deaf Smith,Deaf Smith (48117),Deaf Smith
Donley (48129),Texas,48,634,AMARILLO,48129,Donley,Donley (48129),Donley
Gillespie (48171),Texas,48,635,AUSTIN,48171,Gillespie,Gillespie (48171),Gillespie
Eastland (48133),Texas,48,662,ABILENE-SWTWATR,48133,Eastland,Eastland (48133),Eastland
Aiken (45003),South Carolina,45,520,AUGUSTA,45003,Aiken,Aiken (45003),Aiken
Allendale (45005),South Carolina,45,520,AUGUSTA,45005,Allendale,Allendale (45005),Allendale
Bamberg (45009),South Carolina,45,520,AUGUSTA,45009,Bamberg,Bamberg (45009),Bamberg
Barnwell (45011),South Carolina,45,520,AUGUSTA,45011,Barnwell,Barnwell (45011),Barnwell
Edgefield (45037),South Carolina,45,520,AUGUSTA,45037,Edgefield,Edgefield (45037),Edgefield
McCormick (45065),South Carolina,45,520,AUGUSTA,45065,McCormick,McCormick (45065),McCormick
Cimarron (40025),Oklahoma,40,634,AMARILLO,40025,Cimarron,Cimarron (40025),Cimarron
Texas (40139),Oklahoma,40,634,AMARILLO,40139,Texas,Texas (40139),Texas
Deschutes (41017),Oregon,41,821,BEND  OR,41017,Deschutes,Deschutes (41017),Deschutes
Malheur (41045),Oregon,41,757,BOISE,41045,Malheur,Malheur (41045),Malheur
McKean (42083),Pennsylvania,42,514,BUFFALO,42083,McKean,McKean (42083),McKean
Potter (42105),Pennsylvania,42,514,BUFFALO,42105,Potter,Potter (42105),Potter
Beaver (40007),Oklahoma,40,634,AMARILLO,40007,Beaver,Beaver (40007),Beaver
Monroe (54063),West Virginia,54,559,BLFLD-BECKLY-OH,54063,Monroe,Monroe (54063),Monroe
Pocahontas (54075),West Virginia,54,559,BLFLD-BECKLY-OH,54075,Pocahontas,Pocahontas (54075),Pocahontas
Raleigh (54081),West Virginia,54,559,BLFLD-BECKLY-OH,54081,Raleigh,Raleigh (54081),Raleigh
Summers (54089),West Virginia,54,559,BLFLD-BECKLY-OH,54089,Summers,Summers (54089),Summers
Wyoming (54109),West Virginia,54,559,BLFLD-BECKLY-OH,54109,Wyoming,Wyoming (54109),Wyoming
Fayette (54019),West Virginia,54,559,BLFLD-BECKLY-OH,54019,Fayette,Fayette (54019),Fayette
Greenbrier (54025),West Virginia,54,559,BLFLD-BECKLY-OH,54025,Greenbrier,Greenbrier (54025),Greenbrier
McDowell (54047),West Virginia,54,559,BLFLD-BECKLY-OH,54047,McDowell,McDowell (54047),McDowell
Mercer (54055),West Virginia,54,559,BLFLD-BECKLY-OH,54055,Mercer,Mercer (54055),Mercer
Jones (48253),Texas,48,662,ABILENE-SWTWATR,48253,Jones,Jones (48253),Jones
Mason (48319),Texas,48,635,AUSTIN,48319,Mason,Mason (48319),Mason
Swisher (48437),Texas,48,634,AMARILLO,48437,Swisher,Swisher (48437),Swisher
Addison (50001),Vermont,50,523,BURLNGTN-PLTBRG,50001,Addison,Addison (50001),Addison
Bennington (50003),Vermont,50,532,ALBANY-SCH-TROY,50003,Bennington,Bennington (50003),Bennington
Caledonia (50005),Vermont,50,523,BURLNGTN-PLTBRG,50005,Caledonia,Caledonia (50005),Caledonia
Chittenden (50007),Vermont,50,523,BURLNGTN-PLTBRG,50007,Chittenden,Chittenden (50007),Chittenden
Essex (50009),Vermont,50,523,BURLNGTN-PLTBRG,50009,Essex,Essex (50009),Essex
Franklin (50011),Vermont,50,523,BURLNGTN-PLTBRG,50011,Franklin,Franklin (50011),Franklin
Grand Isle (50013),Vermont,50,523,BURLNGTN-PLTBRG,50013,Grand Isle,Grand Isle (50013),Grand Isle
Lamoille (50015),Vermont,50,523,BURLNGTN-PLTBRG,50015,Lamoille,Lamoille (50015),Lamoille
Orange (50017),Vermont,50,523,BURLNGTN-PLTBRG,50017,Orange,Orange (50017),Orange
Orleans (50019),Vermont,50,523,BURLNGTN-PLTBRG,50019,Orleans,Orleans (50019),Orleans
Rutland (50021),Vermont,50,523,BURLNGTN-PLTBRG,50021,Rutland,Rutland (50021),Rutland
Washington (50023),Vermont,50,523,BURLNGTN-PLTBRG,50023,Washington,Washington (50023),Washington
Windham (50025),Vermont,50,506,BOSTON (MANCHR),50025,Windham,Windham (50025),Windham
Windsor (50027),Vermont,50,523,BURLNGTN-PLTBRG,50027,Windsor,Windsor (50027),Windsor
Tazewell (51185),Virginia,51,559,BLFLD-BECKLY-OH,51185,Tazewell,Tazewell (51185),Tazewell
Gray (48179),Texas,48,634,AMARILLO,48179,Gray,Gray (48179),Gray
Mitchell (48335),Texas,48,662,ABILENE-SWTWATR,48335,Mitchell,Mitchell (48335),Mitchell
Moore (48341),Texas,48,634,AMARILLO,48341,Moore,Moore (48341),Moore
Taylor (48441),Texas,48,662,ABILENE-SWTWATR,48441,Taylor,Taylor (48441),Taylor
Hall (48191),Texas,48,634,AMARILLO,48191,Hall,Hall (48191),Hall
Hansford (48195),Texas,48,634,AMARILLO,48195,Hansford,Hansford (48195),Hansford
Hardin (48199),Texas,48,692,BEAUMNT-PRT ART,48199,Hardin,Hardin (48199),Hardin
Knox (48275),Texas,48,662,ABILENE-SWTWATR,48275,Knox,Knox (48275),Knox
Newton (48351),Texas,48,692,BEAUMNT-PRT ART,48351,Newton,Newton (48351),Newton
Nolan (48353),Texas,48,662,ABILENE-SWTWATR,48353,Nolan,Nolan (48353),Nolan
Ochiltree (48357),Texas,48,634,AMARILLO,48357,Ochiltree,Ochiltree (48357),Ochiltree
Travis (48453),Texas,48,635,AUSTIN,48453,Travis,Travis (48453),Travis
Tyler (48457),Texas,48,692,BEAUMNT-PRT ART,48457,Tyler,Tyler (48457),Tyler
Hartley (48205),Texas,48,634,AMARILLO,48205,Hartley,Hartley (48205),Hartley
Haskell (48207),Texas,48,662,ABILENE-SWTWATR,48207,Haskell,Haskell (48207),Haskell
Hays (48209),Texas,48,635,AUSTIN,48209,Hays,Hays (48209),Hays
Oldham (48359),Texas,48,634,AMARILLO,48359,Oldham,Oldham (48359),Oldham
Orange (48361),Texas,48,692,BEAUMNT-PRT ART,48361,Orange,Orange (48361),Orange
Parmer (48369),Texas,48,634,AMARILLO,48369,Parmer,Parmer (48369),Parmer
Wheeler (48483),Texas,48,634,AMARILLO,48483,Wheeler,Wheeler (48483),Wheeler
Hemphill (48211),Texas,48,634,AMARILLO,48211,Hemphill,Hemphill (48211),Hemphill
Lee (48287),Texas,48,635,AUSTIN,48287,Lee,Lee (48287),Lee
Potter (48375),Texas,48,634,AMARILLO,48375,Potter,Potter (48375),Potter
Randall (48381),Texas,48,634,AMARILLO,48381,Randall,Randall (48381),Randall
Williamson (48491),Texas,48,635,AUSTIN,48491,Williamson,Williamson (48491),Williamson
Roberts (48393),Texas,48,634,AMARILLO,48393,Roberts,Roberts (48393),Roberts
Runnels (48399),Texas,48,662,ABILENE-SWTWATR,48399,Runnels,Runnels (48399),Runnels
Hutchinson (48233),Texas,48,634,AMARILLO,48233,Hutchinson,Hutchinson (48233),Hutchinson
Jasper (48241),Texas,48,692,BEAUMNT-PRT ART,48241,Jasper,Jasper (48241),Jasper
Jefferson (48245),Texas,48,692,BEAUMNT-PRT ART,48245,Jefferson,Jefferson (48245),Jefferson
Lipscomb (48295),Texas,48,634,AMARILLO,48295,Lipscomb,Lipscomb (48295),Lipscomb
Llano (48299),Texas,48,635,AUSTIN,48299,Llano,Llano (48299),Llano
Scurry (48415),Texas,48,662,ABILENE-SWTWATR,48415,Scurry,Scurry (48415),Scurry
Shackelford (48417),Texas,48,662,ABILENE-SWTWATR,48417,Shackelford,Shackelford (48417),Shackelford
Sherman (48421),Texas,48,634,AMARILLO,48421,Sherman,Sherman (48421),Sherman
Stephens (48429),Texas,48,662,ABILENE-SWTWATR,48429,Stephens,Stephens (48429),Stephens
Stonewall (48433),Texas,48,662,ABILENE-SWTWATR,48433,Stonewall,Stonewall (48433),Stonewall
Big Horn (56003),Wyoming,56,756,BILLINGS,56003,Big Horn,Big Horn (56003),Big Horn
Park (56029),Wyoming,56,756,BILLINGS,56029,Park,Park (56029),Park
